[{"model": "auth.permission", "pk": 1, "fields": {"name": "Can add log entry", "content_type": 1, "codename": "add_logentry"}}, {"model": "auth.permission", "pk": 2, "fields": {"name": "Can change log entry", "content_type": 1, "codename": "change_logentry"}}, {"model": "auth.permission", "pk": 3, "fields": {"name": "Can delete log entry", "content_type": 1, "codename": "delete_logentry"}}, {"model": "auth.permission", "pk": 4, "fields": {"name": "Can view log entry", "content_type": 1, "codename": "view_logentry"}}, {"model": "auth.permission", "pk": 5, "fields": {"name": "Can add permission", "content_type": 2, "codename": "add_permission"}}, {"model": "auth.permission", "pk": 6, "fields": {"name": "Can change permission", "content_type": 2, "codename": "change_permission"}}, {"model": "auth.permission", "pk": 7, "fields": {"name": "Can delete permission", "content_type": 2, "codename": "delete_permission"}}, {"model": "auth.permission", "pk": 8, "fields": {"name": "Can view permission", "content_type": 2, "codename": "view_permission"}}, {"model": "auth.permission", "pk": 9, "fields": {"name": "Can add group", "content_type": 3, "codename": "add_group"}}, {"model": "auth.permission", "pk": 10, "fields": {"name": "Can change group", "content_type": 3, "codename": "change_group"}}, {"model": "auth.permission", "pk": 11, "fields": {"name": "Can delete group", "content_type": 3, "codename": "delete_group"}}, {"model": "auth.permission", "pk": 12, "fields": {"name": "Can view group", "content_type": 3, "codename": "view_group"}}, {"model": "auth.permission", "pk": 13, "fields": {"name": "Can add content type", "content_type": 4, "codename": "add_contenttype"}}, {"model": "auth.permission", "pk": 14, "fields": {"name": "Can change content type", "content_type": 4, "codename": "change_contenttype"}}, {"model": "auth.permission", "pk": 15, "fields": {"name": "Can delete content type", "content_type": 4, "codename": "delete_contenttype"}}, {"model": "auth.permission", "pk": 16, "fields": {"name": "Can view content type", "content_type": 4, "codename": "view_contenttype"}}, {"model": "auth.permission", "pk": 17, "fields": {"name": "Can add session", "content_type": 5, "codename": "add_session"}}, {"model": "auth.permission", "pk": 18, "fields": {"name": "Can change session", "content_type": 5, "codename": "change_session"}}, {"model": "auth.permission", "pk": 19, "fields": {"name": "Can delete session", "content_type": 5, "codename": "delete_session"}}, {"model": "auth.permission", "pk": 20, "fields": {"name": "Can view session", "content_type": 5, "codename": "view_session"}}, {"model": "auth.permission", "pk": 21, "fields": {"name": "Can add user", "content_type": 6, "codename": "add_user"}}, {"model": "auth.permission", "pk": 22, "fields": {"name": "Can change user", "content_type": 6, "codename": "change_user"}}, {"model": "auth.permission", "pk": 23, "fields": {"name": "Can delete user", "content_type": 6, "codename": "delete_user"}}, {"model": "auth.permission", "pk": 24, "fields": {"name": "Can view user", "content_type": 6, "codename": "view_user"}}, {"model": "auth.permission", "pk": 25, "fields": {"name": "Can add article", "content_type": 7, "codename": "add_article"}}, {"model": "auth.permission", "pk": 26, "fields": {"name": "Can change article", "content_type": 7, "codename": "change_article"}}, {"model": "auth.permission", "pk": 27, "fields": {"name": "Can delete article", "content_type": 7, "codename": "delete_article"}}, {"model": "auth.permission", "pk": 28, "fields": {"name": "Can view article", "content_type": 7, "codename": "view_article"}}, {"model": "auth.permission", "pk": 29, "fields": {"name": "Can add tag", "content_type": 8, "codename": "add_tag"}}, {"model": "auth.permission", "pk": 30, "fields": {"name": "Can change tag", "content_type": 8, "codename": "change_tag"}}, {"model": "auth.permission", "pk": 31, "fields": {"name": "Can delete tag", "content_type": 8, "codename": "delete_tag"}}, {"model": "auth.permission", "pk": 32, "fields": {"name": "Can view tag", "content_type": 8, "codename": "view_tag"}}, {"model": "contenttypes.contenttype", "pk": 1, "fields": {"app_label": "admin", "model": "logentry"}}, {"model": "contenttypes.contenttype", "pk": 2, "fields": {"app_label": "auth", "model": "permission"}}, {"model": "contenttypes.contenttype", "pk": 3, "fields": {"app_label": "auth", "model": "group"}}, {"model": "contenttypes.contenttype", "pk": 4, "fields": {"app_label": "contenttypes", "model": "contenttype"}}, {"model": "contenttypes.contenttype", "pk": 5, "fields": {"app_label": "sessions", "model": "session"}}, {"model": "contenttypes.contenttype", "pk": 6, "fields": {"app_label": "accounts", "model": "user"}}, {"model": "contenttypes.contenttype", "pk": 7, "fields": {"app_label": "blog", "model": "article"}}, {"model": "contenttypes.contenttype", "pk": 8, "fields": {"app_label": "blog", "model": "tag"}}, {"model": "accounts.user", "pk": 1, "fields": {"password": "", "last_login": null, "is_superuser": false, "username": "donna47", "first_name": "Daniel", "last_name": "Burke", "email": "velazquezerika@example.com", "is_staff": false, "is_active": true, "date_joined": "2022-03-17T08:38:43.616Z", "groups": [], "user_permissions": []}}, {"model": "accounts.user", "pk": 2, "fields": {"password": "", "last_login": null, "is_superuser": false, "username": "jlawrence", "first_name": "Christine", "last_name": "Robinson", "email": "michelle07@example.com", "is_staff": false, "is_active": true, "date_joined": "2022-03-17T08:38:43.624Z", "groups": [], "user_permissions": []}}, {"model": "accounts.user", "pk": 3, "fields": {"password": "", "last_login": null, "is_superuser": false, "username": "erica51", "first_name": "Andrea", "last_name": "Dodson", "email": "pjackson@example.com", "is_staff": false, "is_active": true, "date_joined": "2022-03-17T08:38:43.630Z", "groups": [], "user_permissions": []}}, {"model": "accounts.user", "pk": 4, "fields": {"password": "", "last_login": null, "is_superuser": false, "username": "sextonscott", "first_name": "Melanie", "last_name": "Johnson", "email": "davidcunningham@example.org", "is_staff": false, "is_active": true, "date_joined": "2022-03-17T08:38:43.636Z", "groups": [], "user_permissions": []}}, {"model": "accounts.user", "pk": 5, "fields": {"password": "", "last_login": null, "is_superuser": false, "username": "michellemoon", "first_name": "Karen", "last_name": "Thornton", "email": "bentonsamuel@example.org", "is_staff": false, "is_active": true, "date_joined": "2022-03-17T08:38:43.642Z", "groups": [], "user_permissions": []}}, {"model": "accounts.user", "pk": 6, "fields": {"password": "", "last_login": null, "is_superuser": false, "username": "rmosley", "first_name": "Jacqueline", "last_name": "Roberts", "email": "boydjonathan@example.org", "is_staff": false, "is_active": true, "date_joined": "2022-03-17T08:38:43.648Z", "groups": [], "user_permissions": []}}, {"model": "accounts.user", "pk": 7, "fields": {"password": "", "last_login": null, "is_superuser": false, "username": "eellis", "first_name": "Lisa", "last_name": "Lane", "email": "loveelizabeth@example.net", "is_staff": false, "is_active": true, "date_joined": "2022-03-17T08:38:43.657Z", "groups": [], "user_permissions": []}}, {"model": "accounts.user", "pk": 8, "fields": {"password": "", "last_login": null, "is_superuser": false, "username": "vhuff", "first_name": "Linda", "last_name": "Kennedy", "email": "kimberlyhill@example.com", "is_staff": false, "is_active": true, "date_joined": "2022-03-17T08:38:43.663Z", "groups": [], "user_permissions": []}}, {"model": "accounts.user", "pk": 9, "fields": {"password": "", "last_login": null, "is_superuser": false, "username": "sethburgess", "first_name": "Carla", "last_name": "Mcdowell", "email": "mlopez@example.net", "is_staff": false, "is_active": true, "date_joined": "2022-03-17T08:38:43.669Z", "groups": [], "user_permissions": []}}, {"model": "accounts.user", "pk": 10, "fields": {"password": "", "last_login": null, "is_superuser": false, "username": "dangrant", "first_name": "Jose", "last_name": "Raymond", "email": "mwilliams@example.net", "is_staff": false, "is_active": true, "date_joined": "2022-03-17T08:38:43.675Z", "groups": [], "user_permissions": []}}, {"model": "accounts.user", "pk": 11, "fields": {"password": "", "last_login": null, "is_superuser": false, "username": "vaughnangie", "first_name": "Timothy", "last_name": "Howard", "email": "woodsjoy@example.org", "is_staff": false, "is_active": true, "date_joined": "2022-03-17T08:38:43.682Z", "groups": [], "user_permissions": []}}, {"model": "accounts.user", "pk": 12, "fields": {"password": "", "last_login": null, "is_superuser": false, "username": "linda75", "first_name": "Kelly", "last_name": "Walls", "email": "yali@example.net", "is_staff": false, "is_active": true, "date_joined": "2022-03-17T08:38:43.690Z", "groups": [], "user_permissions": []}}, {"model": "accounts.user", "pk": 13, "fields": {"password": "", "last_login": null, "is_superuser": false, "username": "patelthomas", "first_name": "Tracey", "last_name": "Armstrong", "email": "mhall@example.net", "is_staff": false, "is_active": true, "date_joined": "2022-03-17T08:38:43.697Z", "groups": [], "user_permissions": []}}, {"model": "accounts.user", "pk": 14, "fields": {"password": "", "last_login": null, "is_superuser": false, "username": "davidhernandez", "first_name": "Ernest", "last_name": "Cooper", "email": "nancy10@example.com", "is_staff": false, "is_active": true, "date_joined": "2022-03-17T08:38:43.703Z", "groups": [], "user_permissions": []}}, {"model": "accounts.user", "pk": 15, "fields": {"password": "", "last_login": null, "is_superuser": false, "username": "scottscott", "first_name": "Christina", "last_name": "Russell", "email": "asmith@example.net", "is_staff": false, "is_active": true, "date_joined": "2022-03-17T08:38:43.710Z", "groups": [], "user_permissions": []}}, {"model": "accounts.user", "pk": 16, "fields": {"password": "", "last_login": null, "is_superuser": false, "username": "hmurray", "first_name": "David", "last_name": "Owens", "email": "parksdaniel@example.com", "is_staff": false, "is_active": true, "date_joined": "2022-03-17T08:38:43.716Z", "groups": [], "user_permissions": []}}, {"model": "accounts.user", "pk": 17, "fields": {"password": "", "last_login": null, "is_superuser": false, "username": "ojimenez", "first_name": "Brittany", "last_name": "Alvarado", "email": "mitchelleric@example.org", "is_staff": false, "is_active": true, "date_joined": "2022-03-17T08:38:43.722Z", "groups": [], "user_permissions": []}}, {"model": "accounts.user", "pk": 18, "fields": {"password": "", "last_login": null, "is_superuser": false, "username": "glee", "first_name": "Christina", "last_name": "Smith", "email": "qcamacho@example.org", "is_staff": false, "is_active": true, "date_joined": "2022-03-17T08:38:43.730Z", "groups": [], "user_permissions": []}}, {"model": "accounts.user", "pk": 19, "fields": {"password": "", "last_login": null, "is_superuser": false, "username": "mathewblack", "first_name": "Melissa", "last_name": "Bridges", "email": "scott82@example.com", "is_staff": false, "is_active": true, "date_joined": "2022-03-17T08:38:43.736Z", "groups": [], "user_permissions": []}}, {"model": "accounts.user", "pk": 20, "fields": {"password": "", "last_login": null, "is_superuser": false, "username": "iturner", "first_name": "Andre", "last_name": "Boyle", "email": "calvinlynn@example.net", "is_staff": false, "is_active": true, "date_joined": "2022-03-17T08:38:43.742Z", "groups": [], "user_permissions": []}}, {"model": "accounts.user", "pk": 21, "fields": {"password": "", "last_login": null, "is_superuser": false, "username": "cbaker", "first_name": "Jeffrey", "last_name": "Owen", "email": "walkerlaura@example.net", "is_staff": false, "is_active": true, "date_joined": "2022-03-17T08:38:43.748Z", "groups": [], "user_permissions": []}}, {"model": "accounts.user", "pk": 22, "fields": {"password": "", "last_login": null, "is_superuser": false, "username": "rayerin", "first_name": "Marcus", "last_name": "Cook", "email": "sharon95@example.net", "is_staff": false, "is_active": true, "date_joined": "2022-03-17T08:38:43.754Z", "groups": [], "user_permissions": []}}, {"model": "accounts.user", "pk": 23, "fields": {"password": "", "last_login": null, "is_superuser": false, "username": "francodonna", "first_name": "Angela", "last_name": "Garrett", "email": "davidharrison@example.com", "is_staff": false, "is_active": true, "date_joined": "2022-03-17T08:38:43.761Z", "groups": [], "user_permissions": []}}, {"model": "accounts.user", "pk": 24, "fields": {"password": "", "last_login": null, "is_superuser": false, "username": "stephanie19", "first_name": "Judith", "last_name": "Bowen", "email": "gmaynard@example.com", "is_staff": false, "is_active": true, "date_joined": "2022-03-17T08:38:43.767Z", "groups": [], "user_permissions": []}}, {"model": "accounts.user", "pk": 25, "fields": {"password": "", "last_login": null, "is_superuser": false, "username": "courtney94", "first_name": "Nicholas", "last_name": "Dawson", "email": "zreynolds@example.com", "is_staff": false, "is_active": true, "date_joined": "2022-03-17T08:38:43.774Z", "groups": [], "user_permissions": []}}, {"model": "accounts.user", "pk": 26, "fields": {"password": "", "last_login": null, "is_superuser": false, "username": "hernandezapril", "first_name": "Heidi", "last_name": "Juarez", "email": "uwhite@example.com", "is_staff": false, "is_active": true, "date_joined": "2022-03-17T08:38:43.781Z", "groups": [], "user_permissions": []}}, {"model": "accounts.user", "pk": 27, "fields": {"password": "", "last_login": null, "is_superuser": false, "username": "gregoryanderson", "first_name": "Colton", "last_name": "Baker", "email": "nicholsaustin@example.org", "is_staff": false, "is_active": true, "date_joined": "2022-03-17T08:38:43.787Z", "groups": [], "user_permissions": []}}, {"model": "accounts.user", "pk": 28, "fields": {"password": "", "last_login": null, "is_superuser": false, "username": "ashley30", "first_name": "Matthew", "last_name": "Smith", "email": "fbailey@example.net", "is_staff": false, "is_active": true, "date_joined": "2022-03-17T08:38:43.793Z", "groups": [], "user_permissions": []}}, {"model": "accounts.user", "pk": 29, "fields": {"password": "", "last_login": null, "is_superuser": false, "username": "timothyshaw", "first_name": "Matthew", "last_name": "Garcia", "email": "yscott@example.com", "is_staff": false, "is_active": true, "date_joined": "2022-03-17T08:38:43.799Z", "groups": [], "user_permissions": []}}, {"model": "accounts.user", "pk": 30, "fields": {"password": "", "last_login": null, "is_superuser": false, "username": "michelle46", "first_name": "Ethan", "last_name": "Rodriguez", "email": "gcain@example.org", "is_staff": false, "is_active": true, "date_joined": "2022-03-17T08:38:43.807Z", "groups": [], "user_permissions": []}}, {"model": "accounts.user", "pk": 31, "fields": {"password": "", "last_login": null, "is_superuser": false, "username": "william05", "first_name": "Michael", "last_name": "Bowman", "email": "jgraves@example.net", "is_staff": false, "is_active": true, "date_joined": "2022-03-17T08:38:43.813Z", "groups": [], "user_permissions": []}}, {"model": "accounts.user", "pk": 32, "fields": {"password": "", "last_login": null, "is_superuser": false, "username": "foxjodi", "first_name": "Richard", "last_name": "White", "email": "taylorrachel@example.net", "is_staff": false, "is_active": true, "date_joined": "2022-03-17T08:38:43.819Z", "groups": [], "user_permissions": []}}, {"model": "accounts.user", "pk": 33, "fields": {"password": "", "last_login": null, "is_superuser": false, "username": "uhernandez", "first_name": "Antonio", "last_name": "Johnson", "email": "zamoraaustin@example.org", "is_staff": false, "is_active": true, "date_joined": "2022-03-17T08:38:43.826Z", "groups": [], "user_permissions": []}}, {"model": "accounts.user", "pk": 34, "fields": {"password": "", "last_login": null, "is_superuser": false, "username": "patelsarah", "first_name": "Kaitlyn", "last_name": "Knight", "email": "larsonpaul@example.net", "is_staff": false, "is_active": true, "date_joined": "2022-03-17T08:38:43.832Z", "groups": [], "user_permissions": []}}, {"model": "accounts.user", "pk": 35, "fields": {"password": "", "last_login": null, "is_superuser": false, "username": "tamiray", "first_name": "Ryan", "last_name": "Hayes", "email": "melissasmith@example.org", "is_staff": false, "is_active": true, "date_joined": "2022-03-17T08:38:43.838Z", "groups": [], "user_permissions": []}}, {"model": "accounts.user", "pk": 36, "fields": {"password": "", "last_login": null, "is_superuser": false, "username": "xgrant", "first_name": "Anthony", "last_name": "Torres", "email": "smeadows@example.com", "is_staff": false, "is_active": true, "date_joined": "2022-03-17T08:38:43.845Z", "groups": [], "user_permissions": []}}, {"model": "accounts.user", "pk": 37, "fields": {"password": "", "last_login": null, "is_superuser": false, "username": "mark13", "first_name": "Jackson", "last_name": "Morgan", "email": "mcbridealexander@example.org", "is_staff": false, "is_active": true, "date_joined": "2022-03-17T08:38:43.851Z", "groups": [], "user_permissions": []}}, {"model": "accounts.user", "pk": 38, "fields": {"password": "", "last_login": null, "is_superuser": false, "username": "martincaitlin", "first_name": "Anthony", "last_name": "Jensen", "email": "lwoodward@example.com", "is_staff": false, "is_active": true, "date_joined": "2022-03-17T08:38:43.857Z", "groups": [], "user_permissions": []}}, {"model": "accounts.user", "pk": 39, "fields": {"password": "", "last_login": null, "is_superuser": false, "username": "xmckee", "first_name": "Joshua", "last_name": "Sanders", "email": "aschwartz@example.org", "is_staff": false, "is_active": true, "date_joined": "2022-03-17T08:38:43.865Z", "groups": [], "user_permissions": []}}, {"model": "accounts.user", "pk": 40, "fields": {"password": "", "last_login": null, "is_superuser": false, "username": "mcbrideashley", "first_name": "Teresa", "last_name": "Oliver", "email": "sandra43@example.org", "is_staff": false, "is_active": true, "date_joined": "2022-03-17T08:38:43.871Z", "groups": [], "user_permissions": []}}, {"model": "accounts.user", "pk": 41, "fields": {"password": "", "last_login": null, "is_superuser": false, "username": "michaelorozco", "first_name": "Gabriel", "last_name": "Logan", "email": "sanderson@example.com", "is_staff": false, "is_active": true, "date_joined": "2022-03-17T08:38:43.877Z", "groups": [], "user_permissions": []}}, {"model": "accounts.user", "pk": 42, "fields": {"password": "", "last_login": null, "is_superuser": false, "username": "hallcasey", "first_name": "Haley", "last_name": "Park", "email": "virginiahoward@example.net", "is_staff": false, "is_active": true, "date_joined": "2022-03-17T08:38:43.886Z", "groups": [], "user_permissions": []}}, {"model": "accounts.user", "pk": 43, "fields": {"password": "", "last_login": null, "is_superuser": false, "username": "briansalinas", "first_name": "Jessica", "last_name": "Simpson", "email": "matthewhowell@example.org", "is_staff": false, "is_active": true, "date_joined": "2022-03-17T08:38:43.895Z", "groups": [], "user_permissions": []}}, {"model": "accounts.user", "pk": 44, "fields": {"password": "", "last_login": null, "is_superuser": false, "username": "cruzmarissa", "first_name": "John", "last_name": "Schultz", "email": "cynthiahorton@example.com", "is_staff": false, "is_active": true, "date_joined": "2022-03-17T08:38:43.908Z", "groups": [], "user_permissions": []}}, {"model": "accounts.user", "pk": 45, "fields": {"password": "", "last_login": null, "is_superuser": false, "username": "stevenjames", "first_name": "John", "last_name": "Robinson", "email": "vrhodes@example.net", "is_staff": false, "is_active": true, "date_joined": "2022-03-17T08:38:43.916Z", "groups": [], "user_permissions": []}}, {"model": "accounts.user", "pk": 46, "fields": {"password": "", "last_login": null, "is_superuser": false, "username": "olivia33", "first_name": "Stephanie", "last_name": "Dougherty", "email": "josephjacqueline@example.net", "is_staff": false, "is_active": true, "date_joined": "2022-03-17T08:38:43.923Z", "groups": [], "user_permissions": []}}, {"model": "accounts.user", "pk": 47, "fields": {"password": "", "last_login": null, "is_superuser": false, "username": "kimchristina", "first_name": "Joe", "last_name": "Ellis", "email": "robertwilliams@example.org", "is_staff": false, "is_active": true, "date_joined": "2022-03-17T08:38:43.931Z", "groups": [], "user_permissions": []}}, {"model": "accounts.user", "pk": 48, "fields": {"password": "", "last_login": null, "is_superuser": false, "username": "tamaraortiz", "first_name": "Janice", "last_name": "Evans", "email": "cristiandavis@example.com", "is_staff": false, "is_active": true, "date_joined": "2022-03-17T08:38:43.937Z", "groups": [], "user_permissions": []}}, {"model": "accounts.user", "pk": 49, "fields": {"password": "", "last_login": null, "is_superuser": false, "username": "bhoward", "first_name": "Brandi", "last_name": "Carter", "email": "thompsonrobert@example.org", "is_staff": false, "is_active": true, "date_joined": "2022-03-17T08:38:43.945Z", "groups": [], "user_permissions": []}}, {"model": "accounts.user", "pk": 50, "fields": {"password": "", "last_login": null, "is_superuser": false, "username": "graysusan", "first_name": "Michael", "last_name": "Payne", "email": "dalton30@example.net", "is_staff": false, "is_active": true, "date_joined": "2022-03-17T08:38:43.952Z", "groups": [], "user_permissions": []}}, {"model": "accounts.user", "pk": 51, "fields": {"password": "", "last_login": null, "is_superuser": false, "username": "george25", "first_name": "Dana", "last_name": "Jensen", "email": "meyerschristopher@example.net", "is_staff": false, "is_active": true, "date_joined": "2022-03-17T08:38:43.959Z", "groups": [], "user_permissions": []}}, {"model": "accounts.user", "pk": 52, "fields": {"password": "", "last_login": null, "is_superuser": false, "username": "michael44", "first_name": "Tim", "last_name": "Parks", "email": "rodriguezronnie@example.org", "is_staff": false, "is_active": true, "date_joined": "2022-03-17T08:38:43.965Z", "groups": [], "user_permissions": []}}, {"model": "accounts.user", "pk": 53, "fields": {"password": "", "last_login": null, "is_superuser": false, "username": "garciaannette", "first_name": "Jason", "last_name": "Johnson", "email": "samantha36@example.com", "is_staff": false, "is_active": true, "date_joined": "2022-03-17T08:38:43.971Z", "groups": [], "user_permissions": []}}, {"model": "accounts.user", "pk": 54, "fields": {"password": "", "last_login": null, "is_superuser": false, "username": "valeriegarcia", "first_name": "Joseph", "last_name": "Ball", "email": "sperez@example.com", "is_staff": false, "is_active": true, "date_joined": "2022-03-17T08:38:43.978Z", "groups": [], "user_permissions": []}}, {"model": "accounts.user", "pk": 55, "fields": {"password": "", "last_login": null, "is_superuser": false, "username": "lwoodward", "first_name": "Christopher", "last_name": "Taylor", "email": "suzanne75@example.net", "is_staff": false, "is_active": true, "date_joined": "2022-03-17T08:38:43.985Z", "groups": [], "user_permissions": []}}, {"model": "accounts.user", "pk": 56, "fields": {"password": "", "last_login": null, "is_superuser": false, "username": "silvabrian", "first_name": "Anna", "last_name": "Mejia", "email": "copelandpaul@example.org", "is_staff": false, "is_active": true, "date_joined": "2022-03-17T08:38:43.991Z", "groups": [], "user_permissions": []}}, {"model": "accounts.user", "pk": 57, "fields": {"password": "", "last_login": null, "is_superuser": false, "username": "james91", "first_name": "Juan", "last_name": "Wilson", "email": "torresautumn@example.org", "is_staff": false, "is_active": true, "date_joined": "2022-03-17T08:38:43.997Z", "groups": [], "user_permissions": []}}, {"model": "accounts.user", "pk": 58, "fields": {"password": "", "last_login": null, "is_superuser": false, "username": "crystal87", "first_name": "Daniel", "last_name": "Bennett", "email": "tmartin@example.org", "is_staff": false, "is_active": true, "date_joined": "2022-03-17T08:38:44.004Z", "groups": [], "user_permissions": []}}, {"model": "accounts.user", "pk": 59, "fields": {"password": "", "last_login": null, "is_superuser": false, "username": "mfreeman", "first_name": "Gary", "last_name": "Smith", "email": "martinalvin@example.org", "is_staff": false, "is_active": true, "date_joined": "2022-03-17T08:38:44.011Z", "groups": [], "user_permissions": []}}, {"model": "accounts.user", "pk": 60, "fields": {"password": "", "last_login": null, "is_superuser": false, "username": "latoya61", "first_name": "Angela", "last_name": "Thompson", "email": "shellydurham@example.org", "is_staff": false, "is_active": true, "date_joined": "2022-03-17T08:38:44.017Z", "groups": [], "user_permissions": []}}, {"model": "accounts.user", "pk": 61, "fields": {"password": "", "last_login": null, "is_superuser": false, "username": "davidmorris", "first_name": "Crystal", "last_name": "Osborne", "email": "christopher87@example.org", "is_staff": false, "is_active": true, "date_joined": "2022-03-17T08:38:44.024Z", "groups": [], "user_permissions": []}}, {"model": "accounts.user", "pk": 62, "fields": {"password": "", "last_login": null, "is_superuser": false, "username": "sarah53", "first_name": "Dennis", "last_name": "Johnson", "email": "christian15@example.net", "is_staff": false, "is_active": true, "date_joined": "2022-03-17T08:38:44.031Z", "groups": [], "user_permissions": []}}, {"model": "accounts.user", "pk": 63, "fields": {"password": "", "last_login": null, "is_superuser": false, "username": "davidramirez", "first_name": "Michael", "last_name": "Weeks", "email": "bryan84@example.org", "is_staff": false, "is_active": true, "date_joined": "2022-03-17T08:38:44.036Z", "groups": [], "user_permissions": []}}, {"model": "accounts.user", "pk": 64, "fields": {"password": "", "last_login": null, "is_superuser": false, "username": "norrisrebecca", "first_name": "Mario", "last_name": "Howard", "email": "tammyjohnson@example.net", "is_staff": false, "is_active": true, "date_joined": "2022-03-17T08:38:44.043Z", "groups": [], "user_permissions": []}}, {"model": "accounts.user", "pk": 65, "fields": {"password": "", "last_login": null, "is_superuser": false, "username": "nicole22", "first_name": "Brian", "last_name": "Fuller", "email": "jorge85@example.org", "is_staff": false, "is_active": true, "date_joined": "2022-03-17T08:38:44.049Z", "groups": [], "user_permissions": []}}, {"model": "accounts.user", "pk": 66, "fields": {"password": "", "last_login": null, "is_superuser": false, "username": "michaelshaw", "first_name": "Brittany", "last_name": "Moore", "email": "rcraig@example.com", "is_staff": false, "is_active": true, "date_joined": "2022-03-17T08:38:44.056Z", "groups": [], "user_permissions": []}}, {"model": "accounts.user", "pk": 67, "fields": {"password": "", "last_login": null, "is_superuser": false, "username": "kfernandez", "first_name": "Nathan", "last_name": "Martinez", "email": "mercadobobby@example.com", "is_staff": false, "is_active": true, "date_joined": "2022-03-17T08:38:44.062Z", "groups": [], "user_permissions": []}}, {"model": "accounts.user", "pk": 68, "fields": {"password": "", "last_login": null, "is_superuser": false, "username": "barbarasmith", "first_name": "Ann", "last_name": "Brown", "email": "samantha63@example.com", "is_staff": false, "is_active": true, "date_joined": "2022-03-17T08:38:44.069Z", "groups": [], "user_permissions": []}}, {"model": "accounts.user", "pk": 69, "fields": {"password": "", "last_login": null, "is_superuser": false, "username": "stevenclark", "first_name": "Charles", "last_name": "Morris", "email": "danielfoster@example.net", "is_staff": false, "is_active": true, "date_joined": "2022-03-17T08:38:44.075Z", "groups": [], "user_permissions": []}}, {"model": "accounts.user", "pk": 70, "fields": {"password": "", "last_login": null, "is_superuser": false, "username": "brittany51", "first_name": "Christina", "last_name": "Mcdonald", "email": "rwoodard@example.net", "is_staff": false, "is_active": true, "date_joined": "2022-03-17T08:38:44.081Z", "groups": [], "user_permissions": []}}, {"model": "accounts.user", "pk": 71, "fields": {"password": "", "last_login": null, "is_superuser": false, "username": "jennifer55", "first_name": "Julie", "last_name": "Schmidt", "email": "kwilliams@example.net", "is_staff": false, "is_active": true, "date_joined": "2022-03-17T08:38:44.087Z", "groups": [], "user_permissions": []}}, {"model": "accounts.user", "pk": 72, "fields": {"password": "", "last_login": null, "is_superuser": false, "username": "greendennis", "first_name": "Kelly", "last_name": "Hickman", "email": "thompsonjacqueline@example.net", "is_staff": false, "is_active": true, "date_joined": "2022-03-17T08:38:44.095Z", "groups": [], "user_permissions": []}}, {"model": "accounts.user", "pk": 73, "fields": {"password": "", "last_login": null, "is_superuser": false, "username": "kimberlyclark", "first_name": "Joel", "last_name": "Thompson", "email": "griffintimothy@example.net", "is_staff": false, "is_active": true, "date_joined": "2022-03-17T08:38:44.101Z", "groups": [], "user_permissions": []}}, {"model": "accounts.user", "pk": 74, "fields": {"password": "", "last_login": null, "is_superuser": false, "username": "qburton", "first_name": "Robin", "last_name": "Lara", "email": "csingleton@example.org", "is_staff": false, "is_active": true, "date_joined": "2022-03-17T08:38:44.107Z", "groups": [], "user_permissions": []}}, {"model": "accounts.user", "pk": 75, "fields": {"password": "", "last_login": null, "is_superuser": false, "username": "braybryan", "first_name": "William", "last_name": "Booth", "email": "juarezanthony@example.com", "is_staff": false, "is_active": true, "date_joined": "2022-03-17T08:38:44.114Z", "groups": [], "user_permissions": []}}, {"model": "accounts.user", "pk": 76, "fields": {"password": "", "last_login": null, "is_superuser": false, "username": "mitchellking", "first_name": "William", "last_name": "Spencer", "email": "selliott@example.com", "is_staff": false, "is_active": true, "date_joined": "2022-03-17T08:38:44.120Z", "groups": [], "user_permissions": []}}, {"model": "accounts.user", "pk": 77, "fields": {"password": "", "last_login": null, "is_superuser": false, "username": "adamjohnson", "first_name": "Wanda", "last_name": "Cooper", "email": "newmanthomas@example.net", "is_staff": false, "is_active": true, "date_joined": "2022-03-17T08:38:44.127Z", "groups": [], "user_permissions": []}}, {"model": "accounts.user", "pk": 78, "fields": {"password": "", "last_login": null, "is_superuser": false, "username": "austinhowell", "first_name": "Eileen", "last_name": "Barnes", "email": "ugraham@example.org", "is_staff": false, "is_active": true, "date_joined": "2022-03-17T08:38:44.134Z", "groups": [], "user_permissions": []}}, {"model": "accounts.user", "pk": 79, "fields": {"password": "", "last_login": null, "is_superuser": false, "username": "williambell", "first_name": "Samantha", "last_name": "Hernandez", "email": "juliehuerta@example.com", "is_staff": false, "is_active": true, "date_joined": "2022-03-17T08:38:44.141Z", "groups": [], "user_permissions": []}}, {"model": "accounts.user", "pk": 80, "fields": {"password": "", "last_login": null, "is_superuser": false, "username": "tmiller", "first_name": "Mason", "last_name": "Carter", "email": "yenglish@example.net", "is_staff": false, "is_active": true, "date_joined": "2022-03-17T08:38:44.147Z", "groups": [], "user_permissions": []}}, {"model": "accounts.user", "pk": 81, "fields": {"password": "", "last_login": null, "is_superuser": false, "username": "graymatthew", "first_name": "Sandra", "last_name": "Johnson", "email": "athompson@example.com", "is_staff": false, "is_active": true, "date_joined": "2022-03-17T08:38:44.154Z", "groups": [], "user_permissions": []}}, {"model": "accounts.user", "pk": 82, "fields": {"password": "", "last_login": null, "is_superuser": false, "username": "kmelton", "first_name": "Bonnie", "last_name": "Harper", "email": "nkelley@example.net", "is_staff": false, "is_active": true, "date_joined": "2022-03-17T08:38:44.161Z", "groups": [], "user_permissions": []}}, {"model": "accounts.user", "pk": 83, "fields": {"password": "", "last_login": null, "is_superuser": false, "username": "thomas22", "first_name": "Curtis", "last_name": "Martinez", "email": "heatherbarrett@example.org", "is_staff": false, "is_active": true, "date_joined": "2022-03-17T08:38:44.167Z", "groups": [], "user_permissions": []}}, {"model": "accounts.user", "pk": 84, "fields": {"password": "", "last_login": null, "is_superuser": false, "username": "andrewharper", "first_name": "Christine", "last_name": "Perez", "email": "mosleybrian@example.org", "is_staff": false, "is_active": true, "date_joined": "2022-03-17T08:38:44.174Z", "groups": [], "user_permissions": []}}, {"model": "accounts.user", "pk": 85, "fields": {"password": "", "last_login": null, "is_superuser": false, "username": "rnguyen", "first_name": "Richard", "last_name": "Evans", "email": "silvageorge@example.org", "is_staff": false, "is_active": true, "date_joined": "2022-03-17T08:38:44.180Z", "groups": [], "user_permissions": []}}, {"model": "accounts.user", "pk": 86, "fields": {"password": "", "last_login": null, "is_superuser": false, "username": "tannerjamie", "first_name": "Brian", "last_name": "Lewis", "email": "usmith@example.net", "is_staff": false, "is_active": true, "date_joined": "2022-03-17T08:38:44.186Z", "groups": [], "user_permissions": []}}, {"model": "accounts.user", "pk": 87, "fields": {"password": "", "last_login": null, "is_superuser": false, "username": "wmartin", "first_name": "Michael", "last_name": "Stewart", "email": "ashleyhopkins@example.org", "is_staff": false, "is_active": true, "date_joined": "2022-03-17T08:38:44.193Z", "groups": [], "user_permissions": []}}, {"model": "accounts.user", "pk": 88, "fields": {"password": "", "last_login": null, "is_superuser": false, "username": "mwilkinson", "first_name": "Amanda", "last_name": "Gonzales", "email": "buchananbryan@example.org", "is_staff": false, "is_active": true, "date_joined": "2022-03-17T08:38:44.200Z", "groups": [], "user_permissions": []}}, {"model": "accounts.user", "pk": 89, "fields": {"password": "", "last_login": null, "is_superuser": false, "username": "jonathan95", "first_name": "Mark", "last_name": "Anderson", "email": "willieleon@example.com", "is_staff": false, "is_active": true, "date_joined": "2022-03-17T08:38:44.207Z", "groups": [], "user_permissions": []}}, {"model": "accounts.user", "pk": 90, "fields": {"password": "", "last_login": null, "is_superuser": false, "username": "russellmitchell", "first_name": "Katherine", "last_name": "Green", "email": "velasquezmichael@example.org", "is_staff": false, "is_active": true, "date_joined": "2022-03-17T08:38:44.213Z", "groups": [], "user_permissions": []}}, {"model": "accounts.user", "pk": 91, "fields": {"password": "", "last_login": null, "is_superuser": false, "username": "brianmoore", "first_name": "James", "last_name": "Graves", "email": "uedwards@example.org", "is_staff": false, "is_active": true, "date_joined": "2022-03-17T08:38:44.220Z", "groups": [], "user_permissions": []}}, {"model": "accounts.user", "pk": 92, "fields": {"password": "", "last_login": null, "is_superuser": false, "username": "xrogers", "first_name": "Ashley", "last_name": "Benton", "email": "melissasnow@example.net", "is_staff": false, "is_active": true, "date_joined": "2022-03-17T08:38:44.235Z", "groups": [], "user_permissions": []}}, {"model": "accounts.user", "pk": 93, "fields": {"password": "", "last_login": null, "is_superuser": false, "username": "martinezrobin", "first_name": "Debra", "last_name": "Brown", "email": "joe75@example.org", "is_staff": false, "is_active": true, "date_joined": "2022-03-17T08:38:44.243Z", "groups": [], "user_permissions": []}}, {"model": "accounts.user", "pk": 94, "fields": {"password": "", "last_login": null, "is_superuser": false, "username": "charles55", "first_name": "Alison", "last_name": "Kane", "email": "derrickadams@example.org", "is_staff": false, "is_active": true, "date_joined": "2022-03-17T08:38:44.249Z", "groups": [], "user_permissions": []}}, {"model": "accounts.user", "pk": 95, "fields": {"password": "", "last_login": null, "is_superuser": false, "username": "vargasnatalie", "first_name": "Lauren", "last_name": "Morris", "email": "robert73@example.org", "is_staff": false, "is_active": true, "date_joined": "2022-03-17T08:38:44.256Z", "groups": [], "user_permissions": []}}, {"model": "accounts.user", "pk": 96, "fields": {"password": "", "last_login": null, "is_superuser": false, "username": "jrobinson", "first_name": "Hannah", "last_name": "Bender", "email": "toddfox@example.org", "is_staff": false, "is_active": true, "date_joined": "2022-03-17T08:38:44.264Z", "groups": [], "user_permissions": []}}, {"model": "accounts.user", "pk": 97, "fields": {"password": "", "last_login": null, "is_superuser": false, "username": "lauren14", "first_name": "Randall", "last_name": "Martinez", "email": "xjohnson@example.com", "is_staff": false, "is_active": true, "date_joined": "2022-03-17T08:38:44.270Z", "groups": [], "user_permissions": []}}, {"model": "accounts.user", "pk": 98, "fields": {"password": "", "last_login": null, "is_superuser": false, "username": "erinshort", "first_name": "Pamela", "last_name": "Nelson", "email": "alexandraserrano@example.org", "is_staff": false, "is_active": true, "date_joined": "2022-03-17T08:38:44.276Z", "groups": [], "user_permissions": []}}, {"model": "accounts.user", "pk": 99, "fields": {"password": "", "last_login": null, "is_superuser": false, "username": "ubutler", "first_name": "Brian", "last_name": "Hendrix", "email": "andersondarren@example.net", "is_staff": false, "is_active": true, "date_joined": "2022-03-17T08:38:44.284Z", "groups": [], "user_permissions": []}}, {"model": "accounts.user", "pk": 100, "fields": {"password": "", "last_login": null, "is_superuser": false, "username": "ydowns", "first_name": "Debra", "last_name": "Reed", "email": "tyler34@example.net", "is_staff": false, "is_active": true, "date_joined": "2022-03-17T08:38:44.290Z", "groups": [], "user_permissions": []}}, {"model": "blog.tag", "pk": 1, "fields": {"name": "Estonian"}}, {"model": "blog.tag", "pk": 2, "fields": {"name": "Sango"}}, {"model": "blog.tag", "pk": 3, "fields": {"name": "Armenian"}}, {"model": "blog.tag", "pk": 4, "fields": {"name": "Oriya"}}, {"model": "blog.tag", "pk": 5, "fields": {"name": "Latvian"}}, {"model": "blog.tag", "pk": 6, "fields": {"name": "Kalaallisut"}}, {"model": "blog.tag", "pk": 7, "fields": {"name": "Aragonese"}}, {"model": "blog.tag", "pk": 8, "fields": {"name": "Afrikaans"}}, {"model": "blog.tag", "pk": 9, "fields": {"name": "Inuktitut"}}, {"model": "blog.tag", "pk": 10, "fields": {"name": "Navajo"}}, {"model": "blog.tag", "pk": 11, "fields": {"name": "Galician"}}, {"model": "blog.tag", "pk": 12, "fields": {"name": "Bislama"}}, {"model": "blog.tag", "pk": 13, "fields": {"name": "Tamil"}}, {"model": "blog.tag", "pk": 14, "fields": {"name": "Tonga"}}, {"model": "blog.tag", "pk": 15, "fields": {"name": "Ewe"}}, {"model": "blog.tag", "pk": 16, "fields": {"name": "Italian"}}, {"model": "blog.tag", "pk": 17, "fields": {"name": "Romansh"}}, {"model": "blog.tag", "pk": 18, "fields": {"name": "Faroese"}}, {"model": "blog.tag", "pk": 19, "fields": {"name": "Church Slavic"}}, {"model": "blog.tag", "pk": 20, "fields": {"name": "Sundanese"}}, {"model": "blog.tag", "pk": 21, "fields": {"name": "Afrikaans"}}, {"model": "blog.tag", "pk": 22, "fields": {"name": "Fulah"}}, {"model": "blog.tag", "pk": 23, "fields": {"name": "Lithuanian"}}, {"model": "blog.tag", "pk": 24, "fields": {"name": "Esperanto"}}, {"model": "blog.tag", "pk": 25, "fields": {"name": "Nauru"}}, {"model": "blog.tag", "pk": 26, "fields": {"name": "Kirghiz"}}, {"model": "blog.tag", "pk": 27, "fields": {"name": "Aragonese"}}, {"model": "blog.tag", "pk": 28, "fields": {"name": "Lithuanian"}}, {"model": "blog.tag", "pk": 29, "fields": {"name": "Polish"}}, {"model": "blog.tag", "pk": 30, "fields": {"name": "Limburgan"}}, {"model": "blog.tag", "pk": 31, "fields": {"name": "Serbian"}}, {"model": "blog.tag", "pk": 32, "fields": {"name": "Twi"}}, {"model": "blog.tag", "pk": 33, "fields": {"name": "Xhosa"}}, {"model": "blog.tag", "pk": 34, "fields": {"name": "Sindhi"}}, {"model": "blog.tag", "pk": 35, "fields": {"name": "Italian"}}, {"model": "blog.tag", "pk": 36, "fields": {"name": "Welsh"}}, {"model": "blog.tag", "pk": 37, "fields": {"name": "Chinese"}}, {"model": "blog.tag", "pk": 38, "fields": {"name": "Latvian"}}, {"model": "blog.tag", "pk": 39, "fields": {"name": "Marshallese"}}, {"model": "blog.tag", "pk": 40, "fields": {"name": "Pali"}}, {"model": "blog.tag", "pk": 41, "fields": {"name": "Luxembourgish"}}, {"model": "blog.tag", "pk": 42, "fields": {"name": "Shona"}}, {"model": "blog.tag", "pk": 43, "fields": {"name": "Maori"}}, {"model": "blog.tag", "pk": 44, "fields": {"name": "Aragonese"}}, {"model": "blog.tag", "pk": 45, "fields": {"name": "Kalaallisut"}}, {"model": "blog.tag", "pk": 46, "fields": {"name": "Occitan"}}, {"model": "blog.tag", "pk": 47, "fields": {"name": "Swahili"}}, {"model": "blog.tag", "pk": 48, "fields": {"name": "Telugu"}}, {"model": "blog.tag", "pk": 49, "fields": {"name": "Persian"}}, {"model": "blog.tag", "pk": 50, "fields": {"name": "Hungarian"}}, {"model": "blog.article", "pk": 1, "fields": {"title": "Since relate him close past sound price. Not energy score first still tree box ground. Then spring c", "banner": "some base64", "created_at": "2022-03-17T08:46:26.370Z", "updated_at": "2022-03-17T08:46:26.370Z", "richtext": "Suggest newspaper glass something oil wind safe. Measure hear much line town. Like he mind weight. Health arrive song up girl company.\nSpecific much administration room them.", "tag": 40, "author": 85}}, {"model": "blog.article", "pk": 2, "fields": {"title": "Late leader physical Democrat relate agreement. Wish study discuss race foot get serve.\nEconomic dif", "banner": "some base64", "created_at": "2022-03-17T08:46:26.376Z", "updated_at": "2022-03-17T08:46:26.376Z", "richtext": "Order face method trade enough. Task market may. Suffer believe action should yes yes kitchen.", "tag": 25, "author": 4}}, {"model": "blog.article", "pk": 3, "fields": {"title": "Affect listen training quality person.\nAttention threat alone. Them here best suggest no five.\nEach ", "banner": "some base64", "created_at": "2022-03-17T08:46:26.381Z", "updated_at": "2022-03-17T08:46:26.381Z", "richtext": "Require product good phone society third.\nDegree last he seek any ready democratic least. Tonight garden live before world two if media. Why score security next.", "tag": 45, "author": 95}}, {"model": "blog.article", "pk": 4, "fields": {"title": "Write step something certainly game argue. Day matter traditional war from way.\nMan behind create dr", "banner": "some base64", "created_at": "2022-03-17T08:46:26.387Z", "updated_at": "2022-03-17T08:46:26.387Z", "richtext": "Company behind idea boy. Enough answer least one maybe. Floor dinner science yard Republican office.\nField indeed world than arm identify man.", "tag": 39, "author": 40}}, {"model": "blog.article", "pk": 5, "fields": {"title": "Address positive save note worker. Someone only make station personal.", "banner": "some base64", "created_at": "2022-03-17T08:46:26.392Z", "updated_at": "2022-03-17T08:46:26.392Z", "richtext": "Poor memory shake. Scene head accept industry.\nEasy space firm around pull politics store message. Week what every personal. Gas development themselves military class key what and.", "tag": 44, "author": 30}}, {"model": "blog.article", "pk": 6, "fields": {"title": "Tonight better size best. Address upon under staff agent according cell. Miss center century son dur", "banner": "some base64", "created_at": "2022-03-17T08:46:26.398Z", "updated_at": "2022-03-17T08:46:26.398Z", "richtext": "Employee member system cold.\nSister bar similar open. Make seek happy security professor. Nice article believe enjoy daughter.", "tag": 33, "author": 49}}, {"model": "blog.article", "pk": 7, "fields": {"title": "Choice coach ground kind month conference require. Drive network wall those blue. Do real society sh", "banner": "some base64", "created_at": "2022-03-17T08:46:26.408Z", "updated_at": "2022-03-17T08:46:26.408Z", "richtext": "East in remember situation. Would behavior thing couple tough cultural season.\nThose yet attention unit. Popular cup level goal dream never. Very lay art single part weight teach.", "tag": 11, "author": 27}}, {"model": "blog.article", "pk": 8, "fields": {"title": "Report picture forward site notice doctor successful. Power beat continue huge size either. Religiou", "banner": "some base64", "created_at": "2022-03-17T08:46:26.414Z", "updated_at": "2022-03-17T08:46:26.414Z", "richtext": "Cut degree try then help where water. Painting leave section. Model music involve security kitchen effect.", "tag": 42, "author": 92}}, {"model": "blog.article", "pk": 9, "fields": {"title": "Key option interesting without if realize. Ten choice ground across may.", "banner": "some base64", "created_at": "2022-03-17T08:46:26.423Z", "updated_at": "2022-03-17T08:46:26.423Z", "richtext": "That others security enter. Gas war another former. Place later this.\nDecide century argue respond improve. Also business support forward point set.", "tag": 41, "author": 34}}, {"model": "blog.article", "pk": 10, "fields": {"title": "Society necessary successful drop full message.\nLater fight lay. No movie accept campaign. Decade ye", "banner": "some base64", "created_at": "2022-03-17T08:46:26.430Z", "updated_at": "2022-03-17T08:46:26.430Z", "richtext": "Play this make push citizen cost social. College fall anything manager local. Generation sister TV professor order effort.", "tag": 21, "author": 94}}, {"model": "blog.article", "pk": 11, "fields": {"title": "Strategy between Mrs argue religious personal.\nYet choice main old. Opportunity black require over d", "banner": "some base64", "created_at": "2022-03-17T08:46:26.436Z", "updated_at": "2022-03-17T08:46:26.436Z", "richtext": "Performance specific record however better mission. Today public cover available level. Order arrive however.", "tag": 39, "author": 22}}, {"model": "blog.article", "pk": 12, "fields": {"title": "Test hand sport begin gas worry young. Past board green market scientist. Culture most every resourc", "banner": "some base64", "created_at": "2022-03-17T08:46:26.442Z", "updated_at": "2022-03-17T08:46:26.442Z", "richtext": "Democratic shoulder writer conference anything girl. Treat half minute other American.\nOr after environmental professional in together case.\nEnd ten history skill team song.", "tag": 19, "author": 48}}, {"model": "blog.article", "pk": 13, "fields": {"title": "Performance lay lot direction also moment.\nI nature exactly home happen always. Hold rock save north", "banner": "some base64", "created_at": "2022-03-17T08:46:26.449Z", "updated_at": "2022-03-17T08:46:26.449Z", "richtext": "Option ball scene voice than face item. Miss member town lay able population stand. Recent culture realize cause however performance.", "tag": 23, "author": 58}}, {"model": "blog.article", "pk": 14, "fields": {"title": "Behavior health else state certainly. Black world ask authority strong defense already wife.\nPositio", "banner": "some base64", "created_at": "2022-03-17T08:46:26.458Z", "updated_at": "2022-03-17T08:46:26.458Z", "richtext": "Often better bank just whom which.\nAnd prevent work well enough. Pick argue security during leave. Major tree far mouth raise.\nTelevision church result visit despite.", "tag": 11, "author": 67}}, {"model": "blog.article", "pk": 15, "fields": {"title": "Right off region. Cultural however peace plant third.\nSon wall move scene. Long some that nearly. No", "banner": "some base64", "created_at": "2022-03-17T08:46:26.466Z", "updated_at": "2022-03-17T08:46:26.466Z", "richtext": "Sit require environmental item rock community treat sort. Raise scene news half economic both operation. Century top where but task window issue.", "tag": 39, "author": 30}}, {"model": "blog.article", "pk": 16, "fields": {"title": "Model show fact maintain head. Manage magazine hair teach.\nWater both professional speech. Create pa", "banner": "some base64", "created_at": "2022-03-17T08:46:26.472Z", "updated_at": "2022-03-17T08:46:26.472Z", "richtext": "What rich sense either rich sure allow.\nCongress candidate provide I candidate. Accept rest carry gun education whatever offer.\nStar control kid sure laugh dinner white. Board stage Congress reflect.", "tag": 7, "author": 11}}, {"model": "blog.article", "pk": 17, "fields": {"title": "Fill material unit everything remain exactly prove. Himself wear money never phone different.\nMajor ", "banner": "some base64", "created_at": "2022-03-17T08:46:26.478Z", "updated_at": "2022-03-17T08:46:26.478Z", "richtext": "Offer begin peace employee fund central. Occur author decide black.\nOver special to although election. Agent push hard current pull mother sure research. Different color bag.", "tag": 7, "author": 21}}, {"model": "blog.article", "pk": 18, "fields": {"title": "Create describe tree ago. By dinner might personal. Daughter woman sea special south structure boy. ", "banner": "some base64", "created_at": "2022-03-17T08:46:26.484Z", "updated_at": "2022-03-17T08:46:26.484Z", "richtext": "Into relationship environmental though son.\nManagement lot skill drop. Before gas cover next two position year. Beat laugh meeting eat.", "tag": 27, "author": 94}}, {"model": "blog.article", "pk": 19, "fields": {"title": "Require become house at sound enjoy. Enter another by why base happen film.\nProgram practice growth ", "banner": "some base64", "created_at": "2022-03-17T08:46:26.491Z", "updated_at": "2022-03-17T08:46:26.491Z", "richtext": "National including decision federal fine at. Book commercial evidence type from.", "tag": 22, "author": 84}}, {"model": "blog.article", "pk": 20, "fields": {"title": "Force speech can focus learn read. Establish strategy that.\nBeyond choose ground become cut pull. Ch", "banner": "some base64", "created_at": "2022-03-17T08:46:26.496Z", "updated_at": "2022-03-17T08:46:26.496Z", "richtext": "Least far point if billion compare. So cell well rock single tell. Back affect fear wait international. First drive tree age why why explain mouth.", "tag": 49, "author": 26}}, {"model": "blog.article", "pk": 21, "fields": {"title": "Training even at suggest also these into.\nPoint guess oil morning choose write student benefit. Anyt", "banner": "some base64", "created_at": "2022-03-17T08:46:26.502Z", "updated_at": "2022-03-17T08:46:26.502Z", "richtext": "Family value film program Mr. Perform conference fight painting rate. Center support many story base language. Whole skill charge statement sound.", "tag": 47, "author": 85}}, {"model": "blog.article", "pk": 22, "fields": {"title": "Mrs record arm community green. Travel according choose how strong. Give girl medical long black cal", "banner": "some base64", "created_at": "2022-03-17T08:46:26.508Z", "updated_at": "2022-03-17T08:46:26.508Z", "richtext": "Officer tough officer later. Buy interest billion order federal anything.\nSuch instead huge job. Her thus still safe participant have quite.", "tag": 18, "author": 45}}, {"model": "blog.article", "pk": 23, "fields": {"title": "Machine avoid measure together news pattern.\nCommercial check ahead. No little recent those black ma", "banner": "some base64", "created_at": "2022-03-17T08:46:26.514Z", "updated_at": "2022-03-17T08:46:26.514Z", "richtext": "American wide my. No concern deal it person society weight. Movement year look agree practice difficult.", "tag": 28, "author": 79}}, {"model": "blog.article", "pk": 24, "fields": {"title": "Job born affect together what piece prevent close. Nation give color. Quality animal certain materia", "banner": "some base64", "created_at": "2022-03-17T08:46:26.520Z", "updated_at": "2022-03-17T08:46:26.520Z", "richtext": "Experience serious hear Congress million left. Young sense follow pay want mention six.\nFew participant new thank. Wife thing poor.", "tag": 47, "author": 71}}, {"model": "blog.article", "pk": 25, "fields": {"title": "Claim type management employee across peace. Right that north yet so these. Nothing else similar can", "banner": "some base64", "created_at": "2022-03-17T08:46:26.526Z", "updated_at": "2022-03-17T08:46:26.526Z", "richtext": "According upon language national president brother. Case form enough increase try computer.", "tag": 35, "author": 91}}, {"model": "blog.article", "pk": 26, "fields": {"title": "Stop hard foreign us trouble training avoid eight. Base whatever chair not learn least response food", "banner": "some base64", "created_at": "2022-03-17T08:46:26.533Z", "updated_at": "2022-03-17T08:46:26.533Z", "richtext": "Result man stand. Tough either treat turn Mrs stuff even somebody.\nReflect indeed project eat pressure allow pattern.", "tag": 49, "author": 76}}, {"model": "blog.article", "pk": 27, "fields": {"title": "Whole cut report degree power carry. Really able political nation station class. Success would membe", "banner": "some base64", "created_at": "2022-03-17T08:46:26.540Z", "updated_at": "2022-03-17T08:46:26.540Z", "richtext": "Success gun into when involve. Low around use. Tend behavior morning course positive hot.\nWish whom common. Citizen city perform involve sign. Within century team operation suffer same.", "tag": 35, "author": 98}}, {"model": "blog.article", "pk": 28, "fields": {"title": "Congress these someone actually break everyone. Media analysis of billion. Sure people meet represen", "banner": "some base64", "created_at": "2022-03-17T08:46:26.546Z", "updated_at": "2022-03-17T08:46:26.546Z", "richtext": "Alone too election computer. Role interview back left. Food throughout office wide company general manage.\nRange player mind economic service manage fill throw. Who style this process where.", "tag": 17, "author": 32}}, {"model": "blog.article", "pk": 29, "fields": {"title": "Answer note science nor different ground. Radio less short almost financial plant point.\nA firm chan", "banner": "some base64", "created_at": "2022-03-17T08:46:26.553Z", "updated_at": "2022-03-17T08:46:26.553Z", "richtext": "Group move speak political society.\nHigh coach draw small lot.\nWhether catch especially guess against democratic. Lawyer heart lot fight kid fire fall.", "tag": 31, "author": 38}}, {"model": "blog.article", "pk": 30, "fields": {"title": "Mean stand anyone letter. Three line away my whom front. Within record develop experience own water.", "banner": "some base64", "created_at": "2022-03-17T08:46:26.558Z", "updated_at": "2022-03-17T08:46:26.558Z", "richtext": "Between firm former two box peace author. Market single under international listen. Yard camera accept cut sea.", "tag": 30, "author": 85}}, {"model": "blog.article", "pk": 31, "fields": {"title": "Nation election another put mind save. Thousand society play chair movement worker. President turn p", "banner": "some base64", "created_at": "2022-03-17T08:46:26.565Z", "updated_at": "2022-03-17T08:46:26.565Z", "richtext": "Page garden do administration yes role week. Audience guess PM discover health.\nStation now owner. Send exist lay note relationship recent. Name half data real foreign language car.", "tag": 42, "author": 3}}, {"model": "blog.article", "pk": 32, "fields": {"title": "Air media from direction sit. Sport agent evidence run. Practice because step as.\nDaughter whatever ", "banner": "some base64", "created_at": "2022-03-17T08:46:26.571Z", "updated_at": "2022-03-17T08:46:26.571Z", "richtext": "Here factor list whether system. Prevent reflect just tax site strong. Piece as strategy threat tonight. Goal read information bit ten carry around.", "tag": 18, "author": 46}}, {"model": "blog.article", "pk": 33, "fields": {"title": "Themselves popular price my. Character front magazine skill long.\nEvidence high establish amount mil", "banner": "some base64", "created_at": "2022-03-17T08:46:26.577Z", "updated_at": "2022-03-17T08:46:26.577Z", "richtext": "Hour fine debate that exactly. Decide interest experience soon. Why degree political various successful be.\nTend join within place add lawyer. Whatever treat authority member.", "tag": 47, "author": 60}}, {"model": "blog.article", "pk": 34, "fields": {"title": "Machine important experience no right area. Eye to begin professional reach. Front five add person.", "banner": "some base64", "created_at": "2022-03-17T08:46:26.583Z", "updated_at": "2022-03-17T08:46:26.583Z", "richtext": "Help few a my more their. Bring home lawyer nearly position including summer view.", "tag": 17, "author": 85}}, {"model": "blog.article", "pk": 35, "fields": {"title": "Present population very able news security interest one. Foot deep get arm. Catch mean describe away", "banner": "some base64", "created_at": "2022-03-17T08:46:26.589Z", "updated_at": "2022-03-17T08:46:26.589Z", "richtext": "Law school Democrat house me. Nearly eat loss point recognize.\nInclude son evening per. Land dream law. The their sea thousand.", "tag": 18, "author": 78}}, {"model": "blog.article", "pk": 36, "fields": {"title": "Situation garden focus body radio positive. Want treatment law type view bill necessary.\nHand reach ", "banner": "some base64", "created_at": "2022-03-17T08:46:26.595Z", "updated_at": "2022-03-17T08:46:26.595Z", "richtext": "Chance doctor spend themselves pretty inside language. Tv kitchen economic statement heart task. Compare several eat sell adult theory safe attack.\nAlone agent sister I. Bed back per goal recognize.", "tag": 11, "author": 57}}, {"model": "blog.article", "pk": 37, "fields": {"title": "Will movement another former world data. Report wish argue. President job upon present able body pai", "banner": "some base64", "created_at": "2022-03-17T08:46:26.601Z", "updated_at": "2022-03-17T08:46:26.601Z", "richtext": "Loss PM kind ability. Interesting feel those present discuss his voice.\nCity we option. Seem generation later often order factor pretty. Live thousand perhaps allow phone.", "tag": 35, "author": 6}}, {"model": "blog.article", "pk": 38, "fields": {"title": "Great traditional girl individual indeed risk avoid. Worker natural water service event run nearly.\n", "banner": "some base64", "created_at": "2022-03-17T08:46:26.609Z", "updated_at": "2022-03-17T08:46:26.609Z", "richtext": "Present simple shoulder phone by camera. Actually political the kid develop show.\nRate political simply though resource. Boy industry rather might finish color.", "tag": 4, "author": 7}}, {"model": "blog.article", "pk": 39, "fields": {"title": "Toward human want kid movie century lead. Through father peace station lot their.\nHear decade genera", "banner": "some base64", "created_at": "2022-03-17T08:46:26.615Z", "updated_at": "2022-03-17T08:46:26.615Z", "richtext": "Gun ground store other figure set brother. House difference city serious cut. Message nothing vote reduce join.\nNetwork word election.", "tag": 8, "author": 75}}, {"model": "blog.article", "pk": 40, "fields": {"title": "Clear north operation onto responsibility. Find research effect tonight early guess. Best put accoun", "banner": "some base64", "created_at": "2022-03-17T08:46:26.621Z", "updated_at": "2022-03-17T08:46:26.621Z", "richtext": "Along in ever image member certainly. Young travel successful thank hospital including consumer.\nEntire within just product sit wind ground have. Young two green during.", "tag": 44, "author": 39}}, {"model": "blog.article", "pk": 41, "fields": {"title": "Military listen manage. Level visit near learn sea. Possible nature reason in much however.", "banner": "some base64", "created_at": "2022-03-17T08:46:26.627Z", "updated_at": "2022-03-17T08:46:26.627Z", "richtext": "Wear successful there unit. Fly person significant process shake social. Technology call everything ability and.\nOwner west on finally or thing at.", "tag": 38, "author": 84}}, {"model": "blog.article", "pk": 42, "fields": {"title": "Left piece weight success air speech about hard. Way there score plan. Hour Democrat because defense", "banner": "some base64", "created_at": "2022-03-17T08:46:26.633Z", "updated_at": "2022-03-17T08:46:26.633Z", "richtext": "Magazine sister lay number born give.\nCareer chair garden member former side discuss. Front himself almost effort share page.", "tag": 9, "author": 9}}, {"model": "blog.article", "pk": 43, "fields": {"title": "Already page item the car relationship happen evening. Claim question talk require lot evening. Cell", "banner": "some base64", "created_at": "2022-03-17T08:46:26.639Z", "updated_at": "2022-03-17T08:46:26.639Z", "richtext": "Together between hit owner. Black dinner outside technology public. Worker my remember difference. Begin tree you travel line.\nWorry establish outside million hit which.", "tag": 31, "author": 45}}, {"model": "blog.article", "pk": 44, "fields": {"title": "Fight describe population international company rather build author. Better political free that stay", "banner": "some base64", "created_at": "2022-03-17T08:46:26.644Z", "updated_at": "2022-03-17T08:46:26.644Z", "richtext": "Beat possible lot top system each small. Evidence speech condition network serious low alone.", "tag": 47, "author": 55}}, {"model": "blog.article", "pk": 45, "fields": {"title": "House send minute. True east tonight purpose quite. Analysis nor despite between single yet we. Edge", "banner": "some base64", "created_at": "2022-03-17T08:46:26.651Z", "updated_at": "2022-03-17T08:46:26.651Z", "richtext": "Senior politics sometimes participant tonight force window news. Standard follow image music become control cold.", "tag": 4, "author": 48}}, {"model": "blog.article", "pk": 46, "fields": {"title": "Raise by carry condition. Treat itself vote. Always natural area yourself fill forward.\nParty total ", "banner": "some base64", "created_at": "2022-03-17T08:46:26.657Z", "updated_at": "2022-03-17T08:46:26.657Z", "richtext": "Raise together run fact town. Able her four claim training resource field.\nOffer step law visit woman center. One church plant central smile.", "tag": 45, "author": 66}}, {"model": "blog.article", "pk": 47, "fields": {"title": "Open lay southern law range pick ask. Information yes unit school within behind.\nVery who general on", "banner": "some base64", "created_at": "2022-03-17T08:46:26.662Z", "updated_at": "2022-03-17T08:46:26.662Z", "richtext": "Public lawyer stand usually significant.\nInvolve hear research gas drop draw cup. Go central choice indeed.\nArt approach form assume.", "tag": 12, "author": 22}}, {"model": "blog.article", "pk": 48, "fields": {"title": "Guy every hit make test which hand sing. Eye method energy month audience onto. Meeting little speci", "banner": "some base64", "created_at": "2022-03-17T08:46:26.668Z", "updated_at": "2022-03-17T08:46:26.668Z", "richtext": "They usually modern evening. Middle pretty PM nature trial like. Election such high any civil. Sort day news nature send ability.", "tag": 32, "author": 78}}, {"model": "blog.article", "pk": 49, "fields": {"title": "Agreement actually newspaper decision treat scientist something. Because successful explain ok rest ", "banner": "some base64", "created_at": "2022-03-17T08:46:26.675Z", "updated_at": "2022-03-17T08:46:26.675Z", "richtext": "Common high same state ground. Create party teach current well.\nAddress garden skin to. Natural including everything image. Why between hot whom the bad.", "tag": 38, "author": 80}}, {"model": "blog.article", "pk": 50, "fields": {"title": "Stuff listen actually line college mother region. Challenge value speech near lot understand one see", "banner": "some base64", "created_at": "2022-03-17T08:46:26.683Z", "updated_at": "2022-03-17T08:46:26.683Z", "richtext": "Factor someone throughout nature health drug like. Agency serious hot.", "tag": 8, "author": 21}}, {"model": "blog.article", "pk": 51, "fields": {"title": "Same soon can which happy sea system town. Believe professional job language.", "banner": "some base64", "created_at": "2022-03-17T08:46:26.690Z", "updated_at": "2022-03-17T08:46:26.690Z", "richtext": "His name often to. Area seat less someone.\nAlone instead wife arm act. Your myself beautiful.", "tag": 40, "author": 49}}, {"model": "blog.article", "pk": 52, "fields": {"title": "Man anyone develop even body key. Along business south trip someone investment statement. Number eat", "banner": "some base64", "created_at": "2022-03-17T08:46:26.696Z", "updated_at": "2022-03-17T08:46:26.696Z", "richtext": "Game individual wide thing. Ground significant set society particularly responsibility.\nScene song able age both company left. Yourself between process popular might his visit person.", "tag": 36, "author": 88}}, {"model": "blog.article", "pk": 53, "fields": {"title": "Rock way that owner phone three.\nMay politics military agent Republican condition. Tv director machi", "banner": "some base64", "created_at": "2022-03-17T08:46:26.701Z", "updated_at": "2022-03-17T08:46:26.701Z", "richtext": "Talk window investment picture the receive. Their or community drug law smile study baby. Total interesting risk policy.", "tag": 38, "author": 59}}, {"model": "blog.article", "pk": 54, "fields": {"title": "Free field answer especially two professor specific. Explain perform see five agent effort begin.\nSi", "banner": "some base64", "created_at": "2022-03-17T08:46:26.707Z", "updated_at": "2022-03-17T08:46:26.707Z", "richtext": "Beautiful account adult second require common. Should finish family memory sign.\nMarriage mission production program never practice religious. End simple catch.", "tag": 3, "author": 80}}, {"model": "blog.article", "pk": 55, "fields": {"title": "Knowledge wonder nation represent live activity project. Than month quickly bit heavy drop. Interest", "banner": "some base64", "created_at": "2022-03-17T08:46:26.714Z", "updated_at": "2022-03-17T08:46:26.714Z", "richtext": "Before reduce doctor report dream. Investment main possible herself recent. Natural someone thing final apply college.", "tag": 25, "author": 17}}, {"model": "blog.article", "pk": 56, "fields": {"title": "Peace one subject operation.\nPolitical effort scene factor matter. Turn very not thus seat ago. Top ", "banner": "some base64", "created_at": "2022-03-17T08:46:26.721Z", "updated_at": "2022-03-17T08:46:26.721Z", "richtext": "Natural between machine. I realize between material citizen.\nPolitics assume trouble out. Write ability star face American. Radio that science someone bank represent history.", "tag": 44, "author": 14}}, {"model": "blog.article", "pk": 57, "fields": {"title": "Forward be democratic much along pressure else. Bad officer young kid base raise research.", "banner": "some base64", "created_at": "2022-03-17T08:46:26.727Z", "updated_at": "2022-03-17T08:46:26.727Z", "richtext": "Party spring mouth.\nGround third leave million camera nature. Remain computer option store concern return.", "tag": 8, "author": 53}}, {"model": "blog.article", "pk": 58, "fields": {"title": "Growth behind between money laugh. Bad good such happen history statement.\nWould mother world set. B", "banner": "some base64", "created_at": "2022-03-17T08:46:26.734Z", "updated_at": "2022-03-17T08:46:26.734Z", "richtext": "Out affect sister discussion class morning. Land maybe imagine win report figure chance line. Thing ability reason conference.", "tag": 10, "author": 29}}, {"model": "blog.article", "pk": 59, "fields": {"title": "Traditional beyond tonight easy discover song.\nDo drop against that stand. Capital southern lose onl", "banner": "some base64", "created_at": "2022-03-17T08:46:26.739Z", "updated_at": "2022-03-17T08:46:26.739Z", "richtext": "Entire get blue. Argue main song process.\nDirector man become outside argue both.\nSituation article suggest see candidate important somebody. With effect line evening just fine.", "tag": 2, "author": 90}}, {"model": "blog.article", "pk": 60, "fields": {"title": "Election meeting responsibility customer ball. Home anything agreement. First hand seat it teacher o", "banner": "some base64", "created_at": "2022-03-17T08:46:26.746Z", "updated_at": "2022-03-17T08:46:26.746Z", "richtext": "Officer thing few peace decide culture. Traditional floor bill our film continue require.\nTv quickly development future star officer avoid. Thought church and focus.\nGrowth owner protect current.", "tag": 13, "author": 70}}, {"model": "blog.article", "pk": 61, "fields": {"title": "Him product player. Economy lot knowledge appear that save. Western chair education save.\nFamily unt", "banner": "some base64", "created_at": "2022-03-17T08:46:26.753Z", "updated_at": "2022-03-17T08:46:26.753Z", "richtext": "Agent join community church job. Others hand challenge daughter mouth.\nOld chance ten travel. Personal teach road home party law around. Building pass have sort study he I.", "tag": 8, "author": 57}}, {"model": "blog.article", "pk": 62, "fields": {"title": "Seat paper it catch. Low bill bit trip environment.\nEvery deal the financial. Home learn cost though", "banner": "some base64", "created_at": "2022-03-17T08:46:26.760Z", "updated_at": "2022-03-17T08:46:26.760Z", "richtext": "Recently page suddenly bar early forget interest. Perform party better single hour society. Together simple factor clearly relate consider campaign.", "tag": 49, "author": 18}}, {"model": "blog.article", "pk": 63, "fields": {"title": "Leader free trip receive can news ball street. Production but player offer.", "banner": "some base64", "created_at": "2022-03-17T08:46:26.767Z", "updated_at": "2022-03-17T08:46:26.767Z", "richtext": "Majority discussion performance deep call east. Style exist reflect gas control.", "tag": 7, "author": 51}}, {"model": "blog.article", "pk": 64, "fields": {"title": "Report sport century wonder. Reason coach son morning.\nLeast someone foreign enter. Able machine hot", "banner": "some base64", "created_at": "2022-03-17T08:46:26.773Z", "updated_at": "2022-03-17T08:46:26.773Z", "richtext": "Section report while. Work sure condition another take get even story.\nFront least good remain serious specific until. Hair save else poor be similar.\nSoon which sing lead then.", "tag": 22, "author": 32}}, {"model": "blog.article", "pk": 65, "fields": {"title": "Community eight last we report.\nNewspaper stay reflect image about whose. Statement hour service ver", "banner": "some base64", "created_at": "2022-03-17T08:46:26.780Z", "updated_at": "2022-03-17T08:46:26.780Z", "richtext": "National operation serve. Either must whatever bill voice. Book throughout voice.\nSet two take goal thousand feel too. Bar also country away.", "tag": 39, "author": 58}}, {"model": "blog.article", "pk": 66, "fields": {"title": "Girl research continue place surface medical truth argue. Into per part threat nothing such. Clear c", "banner": "some base64", "created_at": "2022-03-17T08:46:26.786Z", "updated_at": "2022-03-17T08:46:26.786Z", "richtext": "Specific window win general able your. Term soon tough science. Ball shake state table.\nCell account rule improve success strategy.", "tag": 12, "author": 64}}, {"model": "blog.article", "pk": 67, "fields": {"title": "Plant piece region challenge while rock. Quite they region yes through return once. Together ability", "banner": "some base64", "created_at": "2022-03-17T08:46:26.792Z", "updated_at": "2022-03-17T08:46:26.792Z", "richtext": "Wear find anyone. Attorney on game near month project once building. Pressure read big.\nVote treatment method shake. Listen call sure magazine account political.", "tag": 13, "author": 25}}, {"model": "blog.article", "pk": 68, "fields": {"title": "Deal side method issue. Go price quite spend full. Election one mean west nearly decade through.", "banner": "some base64", "created_at": "2022-03-17T08:46:26.798Z", "updated_at": "2022-03-17T08:46:26.798Z", "richtext": "Resource read could in natural director final.\nFace worker law control hair wear. Office action have bank.\nLoss our letter. Energy wall leader social value fish.", "tag": 11, "author": 90}}, {"model": "blog.article", "pk": 69, "fields": {"title": "Physical manager shoulder. Never seem environment individual later talk those. Free growth once capi", "banner": "some base64", "created_at": "2022-03-17T08:46:26.805Z", "updated_at": "2022-03-17T08:46:26.805Z", "richtext": "Boy relationship fly. Key car notice word. Black else baby despite guy involve audience.\nSimilar wall even. Wonder night sure note matter actually.", "tag": 12, "author": 7}}, {"model": "blog.article", "pk": 70, "fields": {"title": "Story fire enough nor can. Some thus effect cause culture factor product.\nDay technology avoid insid", "banner": "some base64", "created_at": "2022-03-17T08:46:26.810Z", "updated_at": "2022-03-17T08:46:26.810Z", "richtext": "Wall allow mission commercial style support what. Coach attack soldier special realize writer.\nTop remain spring ability table. Build station manage address sing must.", "tag": 20, "author": 35}}, {"model": "blog.article", "pk": 71, "fields": {"title": "Project dog soldier such sell like claim. Focus form policy. Four final source represent boy fast wi", "banner": "some base64", "created_at": "2022-03-17T08:46:26.817Z", "updated_at": "2022-03-17T08:46:26.817Z", "richtext": "Then seek speak drive record green how. Exactly well wall entire.\nTown beautiful new government. Control how still employee network child produce. Range hot everybody theory second five year.", "tag": 11, "author": 3}}, {"model": "blog.article", "pk": 72, "fields": {"title": "Whose every door. Push be walk chance. Easy send front seven outside theory red.\nYour decide answer ", "banner": "some base64", "created_at": "2022-03-17T08:46:26.823Z", "updated_at": "2022-03-17T08:46:26.823Z", "richtext": "Occur this relate three. Suddenly decision value story service group.\nSecurity organization mind respond hard position ask. Kind perform argue deep thank garden employee.", "tag": 37, "author": 61}}, {"model": "blog.article", "pk": 73, "fields": {"title": "Land military little shoulder right.\nYes pretty day. Dream big wonder. Loss serve son sister physica", "banner": "some base64", "created_at": "2022-03-17T08:46:26.829Z", "updated_at": "2022-03-17T08:46:26.829Z", "richtext": "Pretty rock shake drug can. Amount half parent treatment middle. Lead son just read.\nProbably each spend particularly their effect rock option. Energy front author. Short week out structure someone.", "tag": 5, "author": 97}}, {"model": "blog.article", "pk": 74, "fields": {"title": "Memory approach hour ground. Certain teacher story some old our. Stand believe answer plant out agre", "banner": "some base64", "created_at": "2022-03-17T08:46:26.837Z", "updated_at": "2022-03-17T08:46:26.837Z", "richtext": "Administration peace shoulder. Bed two everything lot. Million he direction each marriage must data.\nSituation claim student someone decade reach. Respond wall strong poor impact travel.", "tag": 29, "author": 49}}, {"model": "blog.article", "pk": 75, "fields": {"title": "Pm one position matter. Exist I until want high stuff show. Who strategy close threat.\nFast treatmen", "banner": "some base64", "created_at": "2022-03-17T08:46:26.844Z", "updated_at": "2022-03-17T08:46:26.844Z", "richtext": "Table he cut. Get call bank trial none really dark. Action attorney dark.\nLikely daughter popular level. Good effort huge movie group live. More remain activity special. In southern even than up.", "tag": 49, "author": 77}}, {"model": "blog.article", "pk": 76, "fields": {"title": "Financial much hear seven. Thing capital effort affect past lead bill either. The travel own do.", "banner": "some base64", "created_at": "2022-03-17T08:46:26.850Z", "updated_at": "2022-03-17T08:46:26.850Z", "richtext": "Including finish way. Evening go prove only exist past.", "tag": 45, "author": 73}}, {"model": "blog.article", "pk": 77, "fields": {"title": "Special according health many hear black. Room professor resource staff from act family. Attention s", "banner": "some base64", "created_at": "2022-03-17T08:46:26.856Z", "updated_at": "2022-03-17T08:46:26.856Z", "richtext": "Good half these some. Protect financial myself again respond. Finish debate so enter create hear line individual.", "tag": 33, "author": 33}}, {"model": "blog.article", "pk": 78, "fields": {"title": "Require theory risk answer. Decide anything reach case become. Church treat determine run call. Teac", "banner": "some base64", "created_at": "2022-03-17T08:46:26.862Z", "updated_at": "2022-03-17T08:46:26.862Z", "richtext": "Approach choice ever act end. Politics man teach very. Want business they eye show letter admit.", "tag": 39, "author": 18}}, {"model": "blog.article", "pk": 79, "fields": {"title": "Resource accept box class sign husband center. Wall high policy specific able.\nGuy plan discussion. ", "banner": "some base64", "created_at": "2022-03-17T08:46:26.869Z", "updated_at": "2022-03-17T08:46:26.869Z", "richtext": "Prepare then page case plan nice compare interview. Mission apply happen soon. First action focus main.\nHold firm either them door very. Compare soldier any in.", "tag": 15, "author": 95}}, {"model": "blog.article", "pk": 80, "fields": {"title": "Performance surface popular sell baby. Campaign wife station beat evidence claim.", "banner": "some base64", "created_at": "2022-03-17T08:46:26.875Z", "updated_at": "2022-03-17T08:46:26.875Z", "richtext": "Another television identify per season man. Pattern wind just question. Character trip body garden set reduce drug.\nFood little glass report interest radio join need. Among bit where about energy.", "tag": 47, "author": 43}}, {"model": "blog.article", "pk": 81, "fields": {"title": "Relate affect garden ten new. Boy according guy perform become approach.", "banner": "some base64", "created_at": "2022-03-17T08:46:26.881Z", "updated_at": "2022-03-17T08:46:26.881Z", "richtext": "Success within political fact full. Tonight second south base gas dream ok dream.\nConsumer people big east identify trial win explain. Which she score lot those. Sport table involve effect.", "tag": 27, "author": 37}}, {"model": "blog.article", "pk": 82, "fields": {"title": "Final structure class them.\nLanguage candidate maintain word.\nKid commercial building in remember re", "banner": "some base64", "created_at": "2022-03-17T08:46:26.887Z", "updated_at": "2022-03-17T08:46:26.887Z", "richtext": "Forget save will paper. Notice mission program reason change.\nFinal activity off remain. South product loss factor option tough research general.", "tag": 13, "author": 31}}, {"model": "blog.article", "pk": 83, "fields": {"title": "Ten popular short population dark sort. Condition ok entire ball include. Show night let happy.\nImpo", "banner": "some base64", "created_at": "2022-03-17T08:46:26.893Z", "updated_at": "2022-03-17T08:46:26.893Z", "richtext": "Economic two here son. Walk number maintain expect community moment. First shoulder then community attorney security.", "tag": 7, "author": 84}}, {"model": "blog.article", "pk": 84, "fields": {"title": "Event carry recognize level inside. Official ok clearly design company team economy. Bad government ", "banner": "some base64", "created_at": "2022-03-17T08:46:26.900Z", "updated_at": "2022-03-17T08:46:26.900Z", "richtext": "Drug about top build. Join expect pay statement because. Partner foreign both direction senior ground director.", "tag": 49, "author": 15}}, {"model": "blog.article", "pk": 85, "fields": {"title": "Speech year voice news question. Sit work scientist.\nFinal behind poor thus. Establish account inter", "banner": "some base64", "created_at": "2022-03-17T08:46:26.906Z", "updated_at": "2022-03-17T08:46:26.906Z", "richtext": "Cut firm recent the myself imagine perhaps true. Deep himself modern prevent what finish common. Imagine alone fund term.\nParty too wife how. Also anyone special meet produce top stay.", "tag": 27, "author": 56}}, {"model": "blog.article", "pk": 86, "fields": {"title": "Draw build deal happen me. Early possible a from how growth near.\nAttack discuss would suffer societ", "banner": "some base64", "created_at": "2022-03-17T08:46:26.914Z", "updated_at": "2022-03-17T08:46:26.914Z", "richtext": "West edge nation whole read now my. Safe huge detail drop time financial on.\nReach technology PM send financial. Capital sit capital group thought.", "tag": 40, "author": 76}}, {"model": "blog.article", "pk": 87, "fields": {"title": "Sure discussion bad investment theory throughout throughout return. Also ahead our piece.", "banner": "some base64", "created_at": "2022-03-17T08:46:26.920Z", "updated_at": "2022-03-17T08:46:26.920Z", "richtext": "Partner argue may crime. Hope resource position account.\nAlways often as. Gun respond carry far may. Space cup rule commercial in father. Task but sit affect while.", "tag": 34, "author": 18}}, {"model": "blog.article", "pk": 88, "fields": {"title": "Good page safe. Industry good national.\nMain direction inside nor career.\nCareer need sure country d", "banner": "some base64", "created_at": "2022-03-17T08:46:26.926Z", "updated_at": "2022-03-17T08:46:26.926Z", "richtext": "Level actually red per future seem your. Run heavy hair why.\nStatement rest most past during east onto. General shake such.\nMillion kid nice watch. Everyone book sign attack here stand.", "tag": 37, "author": 60}}, {"model": "blog.article", "pk": 89, "fields": {"title": "Culture many break huge option. Best indeed position two eye free baby senior.", "banner": "some base64", "created_at": "2022-03-17T08:46:26.933Z", "updated_at": "2022-03-17T08:46:26.933Z", "richtext": "Political study improve outside central whom choice. Seven which economic understand agreement better day. Short election until doctor exist friend call.\nThere course quality. Customer man success.", "tag": 26, "author": 10}}, {"model": "blog.article", "pk": 90, "fields": {"title": "Community large eight forget yet will buy tree.\nCulture society worry. Word return knowledge friend ", "banner": "some base64", "created_at": "2022-03-17T08:46:26.939Z", "updated_at": "2022-03-17T08:46:26.939Z", "richtext": "Bit material high agree reality writer reality. Fine never religious free.\nResearch western over fly star term address. Building product left economy pick. Building pick size subject play show.", "tag": 13, "author": 5}}, {"model": "blog.article", "pk": 91, "fields": {"title": "Nation rise under court gas. Level half sit would ever stage environmental.", "banner": "some base64", "created_at": "2022-03-17T08:46:26.945Z", "updated_at": "2022-03-17T08:46:26.945Z", "richtext": "Coach religious involve. Seat return president establish center.\nConference indicate hard human music himself. Action dog partner away yard life ago. Free cup rise actually resource place issue.", "tag": 29, "author": 7}}, {"model": "blog.article", "pk": 92, "fields": {"title": "Girl similar dark understand remain. Trial strategy ability exist example area alone service. Range ", "banner": "some base64", "created_at": "2022-03-17T08:46:26.952Z", "updated_at": "2022-03-17T08:46:26.952Z", "richtext": "Oil whom pull. Forget various name drug town indicate possible.", "tag": 37, "author": 10}}, {"model": "blog.article", "pk": 93, "fields": {"title": "Would follow network identify before day. Travel inside myself us education industry clear. Hundred ", "banner": "some base64", "created_at": "2022-03-17T08:46:26.958Z", "updated_at": "2022-03-17T08:46:26.958Z", "richtext": "Federal wonder or meet trade want. Open first look west.\nWork shoulder sort chair amount amount. Than entire film center. Agent at security senior.", "tag": 11, "author": 92}}, {"model": "blog.article", "pk": 94, "fields": {"title": "Top if mother well mind cup office move. Claim easy opportunity least.\nDifference need worker PM. Ou", "banner": "some base64", "created_at": "2022-03-17T08:46:26.964Z", "updated_at": "2022-03-17T08:46:26.964Z", "richtext": "Sign article the knowledge. Eat lead public box political page. Stop capital experience budget buy.\nReport toward trial avoid. Parent upon food generation black now executive.", "tag": 10, "author": 95}}, {"model": "blog.article", "pk": 95, "fields": {"title": "Gun camera write food purpose. Staff degree stop spend. Very kind off kind discuss certain determine", "banner": "some base64", "created_at": "2022-03-17T08:46:26.970Z", "updated_at": "2022-03-17T08:46:26.970Z", "richtext": "Home raise his dog. Like true sport particular light. Nearly pressure prevent.\nLeave be trade interesting never language right. Still red all then.", "tag": 22, "author": 6}}, {"model": "blog.article", "pk": 96, "fields": {"title": "Pick open chair.\nRaise experience blood always view moment serve. However enough section choose play", "banner": "some base64", "created_at": "2022-03-17T08:46:26.975Z", "updated_at": "2022-03-17T08:46:26.975Z", "richtext": "Often environmental only. Trip he course current your amount should.\nFinish hope fact easy none suddenly often. Appear near along such often note word fine. Once forget eat bill their art.", "tag": 31, "author": 26}}, {"model": "blog.article", "pk": 97, "fields": {"title": "Follow like stuff fight business. Share suddenly tough yard pull strategy participant. Coach like se", "banner": "some base64", "created_at": "2022-03-17T08:46:26.984Z", "updated_at": "2022-03-17T08:46:26.984Z", "richtext": "Shake right can American make remember. Hour where strong seek religious boy. How wear open board could activity.", "tag": 41, "author": 16}}, {"model": "blog.article", "pk": 98, "fields": {"title": "Resource single expert ahead step eat quite free. Point certain seem option. Talk card me account pi", "banner": "some base64", "created_at": "2022-03-17T08:46:26.990Z", "updated_at": "2022-03-17T08:46:26.990Z", "richtext": "Through have rock improve should blue situation. Window buy city group tell owner at.\nInformation month federal popular upon. Professor enter race sort. Up interest from simply.", "tag": 2, "author": 18}}, {"model": "blog.article", "pk": 99, "fields": {"title": "Result former analysis arrive hope ability join.\nGame trade choice idea about. Majority you reflect ", "banner": "some base64", "created_at": "2022-03-17T08:46:26.995Z", "updated_at": "2022-03-17T08:46:26.995Z", "richtext": "Billion population society campaign score use. North good deal understand.\nAnswer guy behavior form. Day sign what challenge show.", "tag": 27, "author": 82}}, {"model": "blog.article", "pk": 100, "fields": {"title": "Various low box PM international ten number second. Religious security key development international", "banner": "some base64", "created_at": "2022-03-17T08:46:27.002Z", "updated_at": "2022-03-17T08:46:27.002Z", "richtext": "Term send friend environmental safe.\nHere weight she final measure then. Office series born song important. Toward light indeed share increase.", "tag": 42, "author": 97}}]